2|Walt Disney Pictures
60682|Artemple - Hollywood
19477|Dune Films
435|Di Bonaventura Pictures
10246|Cross Creek Pictures
56|Amblin Entertainment
1634|Truenorth Productions
41624|RatPac-Dune Entertainment
925|Nu Image Films
33|Universal Pictures
72693|Dago García Producciones
38833|Ian Bryce Productions
8873|Handsomecharlie Films
76991|Highland Film Group (HFG)
28788|Genre Films
10285|LD Entertainment
8880|Winkler Films
6194|Warner Bros.
2598|Hasbro
308|The Weinstein Company
2531|Media Rights Capital
431|Donners' Company
41511|Electric Shadow Company
17393|Good Universe
40797|Prettybird
76992|Saban Films
1224|Intrepid Pictures
10104|New Regency Pictures
54409|Survivor Productions
1786|Dark Castle Entertainment
54850|Bulletproof Cupid
6127|Metro-Goldwyn-Mayer Pictures
9993|DC Entertainment
2537|Kennedy Miller Productions
73046|Gerard Butler Alan Siegel Entertainment
71890|Space Rock Studios
34|Sony Pictures
28732|RatPac Entertainment
9996|Syncopy
333|Original Film
13769|Lynda Obst Productions
2092|Mike Zoss Productions
36433|MJW Films
10427|Open Road Films
47|Constantin Film
47729|STX Entertainment
7297|Fairview Entertainment
19108|Latina Pictures
507|Atlas Entertainment
1|Lucasfilm
9015|Worldview Entertainment
6408|International Traders
2912|Diamond Films
2251|Sony Pictures Animation
2214|Flower Films
16314|Roth Films
51164|Whitaker Entertainment
11049|Caliber Media Company
13403|Straight Up Films
2780|Cube Vision
23008|87Eleven
1645|Scott Free Productions
20656|Babieka
32542|Starburns Industries
12139|Material Pictures
59023|Verdi Productions
32157|Right of Way Films
22842|Waypoint Entertainment
7505|Marvel Entertainment
6125|Walt Disney Animation Studios
23688|VMI Worldwide
5358|Canal+
67327|Splash Entertainment
44783|Smart Entertainment
6734|Bay Films
14440|Red Wagon Entertainment
8411|Metro-Goldwyn-Mayer (MGM)
76043|Revolution Sun Studios
258|Scott Rudin Productions
508|Regency Enterprises
215|Double Feature Films
598|Team Todd
7119|Hybrid
59778|A113
51701|Buffalo Producciones
7154|One Race Films
14359|Scott Pictures
38145|Bristol Automotive
3281|GK Films
12|New Line Cinema
37336|Down Productions
79|Village Roadshow Pictures
10254|Millennium Films
5420|Color Force
20664|Anton Capital Entertainment (ACE)
34081|Flynn Picture Company
18880|Showtime Networks
12178|Red Hour Films
32|Buena Vista
53638|Ollin Studio
28200|Ninjas Runnin' Wild Productions
10156|Affirm Films
574|Lightstorm Entertainment
6452|Dentsu
30692|Sony Pictures Imageworks (SPI)
14358|1821 Pictures
2586|Caracol Televisión
9168|Bad Hat Harry Productions
7413|3Foot7
30666|RT Features
16486|Parallel Film Productions
491|Summit Entertainment
76266|Oriental DreamWorks
325|Marvel Entertainment, LLC
51860|AI-Film
10761|Danjaq
11|WingNut Films
51526|Hassell Free Production
444|Dune Entertainment
5267|Irish Film Board
71171|The Shuman Company
50478|Windowseat Films
59827|Patrick Aiello Productions
52660|M Productions
10227|Mandeville Films
8924|RabbitBandini Productions
11461|Bad Robot
73045|LHF Film
72280|Telegael
30420|Anonymous Content
31076|Simon Kinberg Productions
13242|Unanimous Pictures
10393|Vertigo Films
51525|Saeculum Productions
290|Ingenious Media
10163|Working Title Films
73493|MadRiver Pictures
36259|DefyNite Films
10105|Apatow Productions
40890|China Film Co.
7177|Item 7
1632|Lionsgate
2608|Happy Madison Productions
34456|Rooks Nest Entertainment
2735|Mid Atlantic Films
2481|Platinum Dunes
787|3 Arts Entertainment
71891|Diablo Movie
16028|Blizzard Entertainment
5124|New Artists Alliance
521|DreamWorks Animation
72691|Nortesur Producciones
18209|Alpha Core
289|Ingenious Film Partners
15829|Pacific Standard
47169|Le Grisbi Productions
23616|Ciné+
72694|MC Producciones
3528|Thunder Road Pictures
63443|The Fyzz Facility
3672|Gotham Group
13|Universal Studios
45778|Plan B Entertainment
7662|Epic Pictures Group
44391|Buffalo Films
72281|Assemblage Entertainment
5|Columbia Pictures
429|DC Comics
24097|NeoReel
11029|QED International
306|Twentieth Century Fox Film Corporation
49968|Will Packer Productions
7392|Twentieth Century Fox
25|20th Century Fox
3|Pixar Animation Studios
72692|Ciudad Lunar Producciones
11413|China Movie Channel
59024|Schuetzle Company Productions
3341|Fuji Television Network
50848|Rovio Mobile
829|Vertigo Entertainment
16615|Point Grey Pictures
126|Lakeshore Entertainment
15357|Prime Focus
56698|Parkside Pictures
420|Marvel Studios
1508|Wildgaze Films
22146|Black Bear Pictures
6896|EuropaCorp
41077|A24
69434|B24
923|Legendary Pictures
1620|Nuyorican Productions
264|Studio Babelsberg
3823|TF1 Films Production
7431|Sony Pictures Entertainment (SPE)
12252|Chartoff-Winkler Productions
1885|Silver Pictures
2266|Bold Films
1811|FilmColony
5237|The Saul Zaentz Company
908|Mystery Clock Cinema
12292|Temple Hill Entertainment
6531|Parts and Labor
20478|Moving Picture Company (MPC)
56699|Tadross Media Group
22213|TSG Entertainment
10039|Anonymous Content
32300|Lava Bear Films
9995|Cruel & Unusual Films
19551|Marvel Enterprises
4|Paramount Pictures
8569|Dayday Films
3172|Blumhouse Productions
34034|LStar Capital
71170|The Cantillon Company
6277|Skydance Productions
