16940,Jeremy Irons
44735,Jesse Eisenberg
880,Ben Affleck
73968,Henry Cavill
62220,Lauren Cohan
117642,Jason Momoa
10859,Ryan Reynolds
210271,Taylor Kinney
22109,Peter Firth
121718,Bill Camp
1225996,Danay García
346352,Diana Hardcastle
15735,Helen Mirren
1574845,Grizelda Quintana
52851,Paula Patton
63914,Tuesday Knight
204420,Josh Blacker
1115122,Brandon Soo Hoo
6719,Ray Wise
140,Lucy Liu
1505303,Julianne Alexander
1585399,Eva Larvoire
230389,Kazuo Takahashi
1443612,Laura Gómez
1460685,Jim Watson
1505306,Jackie Benoit
155625,Sonya Eddy
4785,Jeff Goldblum
1064313,Jeffrey Bowyer-Chapman
13922,Seth Green
1535061,Rachel Joseph
73016,Debi Derryberry
88029,Alison Brie
56614,Ray Stevenson
16828,Chris Evans
69122,Heather Graham
1545155,Ariane Bellamar
278926,Cherry Pie Picache
75712,Jeanette Cronin
17283,Rupert Evans
210665,Janina Gavankar
1576824,Robert Woodley
228866,Colin Morgan
527313,Taissa Farmiga
1213603,Max Greenfield
1511245,Summer Parker
174514,Annie Mumolo
60255,Jake T. Austin
1552445,Kay Epperson
1592751,Chelsea Durkalec
1382741,Steele Gagnon
971877,Mick Wingert
128628,Scottie Thompson
1326866,Alex Lanipekun
68842,John Cho
931264,Grace Huang
77887,Eddie 'Piolin' Sotelo
78147,Elodie Yung
1278725,Travis Tope
1512176,J.C. Williams
6167,Judd Hirsch
5694,Robert Forster
1397780,Lucas Dawson
92327,Lindsay Hollister
1546075,Ava Del Cielo
16752,David Harewood
12052,Gwyneth Paltrow
446511,Shakira
1478646,Ginger McNamara
1345419,Hermione Corfield
1512177,Mallory James Mahoney
55583,Lex Shrapnel
87954,Scott Haze
933545,Christina Bach
165787,Rich Moore
29446,Armin Shimerman
1397779,Harvey Scrimshaw
1896,Don Cheadle
1236584,Andrew Sullivan
1242866,Shiloh Jolie-Pitt
237776,Yōko Honna
552339,Kazuhiro Yamaji
219708,Audrey Fleurot
1283871,Oliver Stark
42720,Will Stewart
1552448,Zoey Brooks
78922,Rajat Kapoor
17039,Nick Offerman
127387,Yuri Lowenthal
4031,Greg Ellis
104522,Aoi Miyazaki
5296,James Ransone
83352,Mircea Monroe
1592753,Arthur Maurizio
1454976,Suzu Hirose
53714,Rachel McAdams
204815,Jesse Tyler Ferguson
38670,Camilla Belle
1238614,Nicole Davis
929511,Utkarsh Ambudkar
11661,Kate Hudson
6799,Jeff Coopwood
1173099,Christopher Berry
1597805,Joshua Turek
1552444,Jenna Saab
1358567,Richard Allan Jones
1552435,Courtney Tailor
572407,Courtney Bell
230680,Douglas Booth
1317688,Taylor Ashley Murphy
1440179,Trent Garrett
1029033,Kenneth Fok
1059597,Zoey Deutch
3489,Naomi Watts
1488448,Katherine Vanderlinden
1592691,Julie Ouellette
1532414,Roylance Williams
83271,Glen Powell
58501,Stephen Greif
62784,Billy Slaughter
1272969,Rebecca Buller
26209,Matt Lucas
3910,Frances McDormand
357551,Amy Landecker
521563,Anders Holm
8691,Zoe Saldana
429,Lucas Till
1210610,Olivia Luccardi
94820,Jessica DiCicco
7499,Jared Leto
23626,Liev Schreiber
1535065,Gareth Hamilton-Foster
180132,Tara Buck
155965,Amy Parrish
450950,Chandler Darby
1538879,Jett Klyne
65640,Khary Payton
1592951,Håkon Bøhmer
56734,Chloë Grace Moretz
1136406,Tom Holland
139900,Florence Kasumba
2955,Chris Cooper
1099717,Jay Pharoah
1511246,Karolina Kennedy Durrence
101015,Chin Han
1397781,Ellie Grainger
21007,Jonah Hill
1529185,Humberto Castro
1535053,Julian Maroun
540281,Wendy Williams
16607,Alon Aboutboul
1552464,Matt Blackwell
1397778,Anya Taylor-Joy
1257847,Barbara Dirickson
1223005,Brandon Henschel
60397,Jeryl Prescott
130260,Adriana Ugarte
2462,Catherine McCormack
58754,Haley Bennett
1535475,Noah Baron
5365,Clifton Collins, Jr.
1244796,Emily Wheaton
1049830,Kerry Cahill
1227867,Soledad O'Brien
17832,Carla Gugino
172069,Chadwick Boseman
7025,Richard McCabe
25002,Lee Byung-hun
564348,Lavell Crawford
1592480,Dino Fazzani
1598163,Brady Morales
17487,John Gallagher Jr.
1581190,Joseph David-Jones
1893,Casey Affleck
1200415,Andrew Stehlin
131,Jake Gyllenhaal
56731,Jessica Alba
1446466,Garrett Wareing
188013,Taylor Spreitler
1172814,Lucky Johnson
1552453,Kaleb King
6162,Paul Bettany
239574,Eugenio Derbez
40450,Yo Oizumi
7321,John Thomson
10431,Jennifer Jason Leigh
73288,Michael McElhatton
80019,James A. Woods
1592750,Ivy Lashawn Coleman
10960,Max Baker
1535050,Ishak Issa
55805,André Marcon
18262,Richard Riehle
1046203,Zach Sale
1493724,Steffi Thake
1244276,Gerald Kyd
32887,Christopher Heyerdahl
35894,Julien Frison
1592754,Rocco Michaluk
81364,Olivia Munn
237020,Alexandra Roach
1552463,J. Quinton Johnson
25095,Stewart Scudamore
115974,Adam Pally
1511252,Scott Hunter
1232769,Amanda Brugel
233947,Daniel Grao
1592747,Salvatore Franciosa
1547893,Jess Radomska
1427681,Mimi Gianopulos
1589833,Gloria Govan
13242,Paul Giamatti
1511250,Blake Sewell
1152083,Sabrina Carpenter
1408146,Shuya Chang
1232425,Lili Estefan
1572966,Mathilde Daffe
17628,Mary Elizabeth Winstead
15761,Grey Griffin
1255247,Mădălina Diana Ghenea
17288,Michael Fassbender
9273,Amy Adams
1047649,Ed Skrein
1163789,Sophia Taylor Ali
568657,Sofia Boutella
563559,Sam Hazeldine
59153,Robin Givens
50463,Malin Åkerman
1574846,Brandon K. Hampton
1298752,Molly Conarro
71815,Emily Meade
1592689,Meredith O'Leary
1548735,Diana Gaitirira
83186,Max Lloyd-Jones
1535059,Alia Seror-O'Neill
33836,Sean O'Bryan
1295,Deep Roy
166671,Helen Siff
21088,Alan Tudyk
110742,Tika Sumpter
1377385,Bresha Webb
1332516,Tyrone Keogh
1096268,Sarah Le Picard
1571792,Pax Jolie-Pitt
8447,Jeff Daniels
7026,Rhys Ifans
111801,Eoin Macken
27980,Edith Scob
212,David Cross
1596937,Dana Bash
15234,David Arquette
51456,Rhoda Griffis
3223,Robert Downey Jr.
1230,John Goodman
1029403,James Russell
148899,George Shevtsov
1285754,Chidi Ajufo
17605,Idris Elba
77622,Catherine Lough Haggquist
1258700,Hayley Orrantia
1354257,Cindy Hogan
1318201,Jared Bush
137905,Bill Skarsgård
103123,Massimiliano Cerchi
116431,David A.R. White
1571793,Kelly Cooney
20280,Patrick Carroll
19974,Greg Germann
1023139,Adam Driver
202032,Ralph Ineson
928572,Scott Eastwood
1505301,Alizabeth Hamer
15376,Brad William Henke
216294,Lewis Hamilton
71083,Kate Dickie
26473,Fisher Stevens
1043127,Vangie Labalan
1511249,Emerald Robinson
583457,Justin Gordon
1532423,Frank Francisco
1289968,Cara Delevingne
12931,Rita Wilson
592496,Johannes Taslim
136532,Matt Smith
173756,E.E. Bell
4726,Marcia Gay Harden
967071,Beth Bailey
1271,Andy García
43612,Christian Tessier
1397784,Hays Wellford
83002,Jessica Chastain
1535058,Michael-Anthony Taylor
1218303,Una Stubbs
1576823,Tiana Dunham
1454286,Jovan Pisani
1325532,Ryan Oliva
114463,Michelle Jenner
617,Ichirō Nagai
18473,James Badge Dale
1535060,Yaya Deng
1325961,Suki Waterhouse
1196536,Heather Lind
258776,Nora Aunor
59860,Alice Eve
124909,Danny Hoch
1278780,Edd Osmond
1452045,Ben Hardy
109561,Sherri Shepherd
1453784,Lena Golia
41043,Tim McInnerny
3292,Nicholas Hoult
2882,Diane Lane
1156024,Tao Okamoto
10692,Michael Pitt
19492,Viola Davis
150,RZA
9462,Randall Duk Kim
1552451,Bonnie Gayle
1140241,Will Brittain
15032,Jed Rees
8396,Tommy Lister
1432290,Dennise Renae Larson
1054260,Haru Kuroki
1355793,Marc Graue
1591071,Kevin Brueck
1379122,Zackary Arthur
1453793,Liam Knight
52374,Bruce Davison
79612,Michel Forget
302165,Holliday Grainger
4273,Charlotte Gainsbourg
224513,Ana de Armas
1155473,Emma Greenwell
1453790,Joseph Izzo
584143,Yukiyoshi Ozawa
86343,Salome Jens
4589,Benjamin Bratt
145231,Lionnel Astier
198150,Ike Barinholtz
1135888,Vanessa de Largie
95047,Graham McTavish
1278724,Elena Kampouris
1568025,Venus Ariel
1511248,Carla Shinall
85138,Demi Lovato
1524501,Luke Spencer Roberts
154784,Dominic Fumusa
94185,Shailene Woodley
1511243,Brandon Spink
9464,Harry Lennix
1545156,Alyssa Veniece
20508,Iain Glen
1484835,Yasmine Akram
1071133,David Nellist
81316,Reid Scott
1317159,Natalie Burn
1434820,Brad Schmidt
1596833,Gunther Vanhuysse
1016168,Lily James
60898,Sebastian Stan
51329,Bradley Cooper
2282,Ben Kingsley
1142145,Yûho Yamashita
19487,Jay Hernandez
1592693,Mary Karcz
34546,Mark Gatiss
1018944,Shota Sometani
1190522,Greg Baldwin
930058,Susan Boyle
111875,Al Roker
92404,Joel Kinnaman
123604,Cris Cyborg
57599,Seann William Scott
937534,Terry Diab
342100,Shivani Ghai
1019550,Ina Feleo
87822,Damon Wayans Jr.
1516745,Angel Izard
2975,Laurence Fishburne
18686,Holly Hunter
327,Mekhi Phifer
1522256,Noriko Sakura
17276,Gerard Butler
22462,Joaquim de Almeida
1322312,Jorge Leon Martinez
990136,Judd Lormand
59841,Matt Walsh
50266,Shemar Moore
52996,Heather Goldenhersh
1215525,Jorge Garcia
53259,Michael Raymond-James
64436,Daniel Wu
1472576,Adriana Randall
13014,Toby Jones
6383,Aaron Eckhart
15286,Christine Taylor
221581,Rebel Wilson
11160,Danny Trejo
14884,Michael Constantine
1332747,Henry Zebrowski
4566,Alan Rickman
82167,David Costabile
1232417,Lynne Marie Stewart
1386122,Gianna Simone
111683,Jason Mantzoukas
559581,Magalie Lépine Blondeau
1121961,Siobhan Williams
110080,Sheridan Smith
1392535,Michael C. Mahon
1043304,Andy Milder
1461608,Karen Fukuhara
1412941,Meganne Young
2047,Danny Glover
62711,Darryl Quon
1813,Anne Hathaway
9144,Sally Phillips
60875,David Jensen
7055,Sienna Guillory
4445,Chris Bauer
1254135,Sumire Morohoshi
1064538,Allan Paule
4451,Mark Webber
5294,Chiwetel Ejiofor
224167,Ben Schnetzer
106951,Paul Lazenby
3872,Daniel Brühl
5149,Bonnie Hunt
49,Maria Bello
54415,Josh Gad
971388,Nick Bateman
6730,Sacha Baron Cohen
32798,Elisabeth Moss
1552449,Lizzy Pop
1493726,Kenny Sheard
52889,Johnny Vegas
7399,Ben Stiller
1165616,Elena Sanchez
1029740,Yuki Minowa
86498,Gabriel Iglesias
109560,Gabourey Sidibe
1552452,Justin Alexio
41087,Leslie Mann
1592749,Susie Celek
4201,Wayne Knight
2387,Patrick Stewart
1367322,Brighton Sharbino
98394,Affion Crockett
154689,Bradley James
37937,Gregory Alan Williams
1386305,Holly Jee
17287,Dominic West
41091,Kristen Wiig
16850,Rose McGowan
6916,Peter Jason
20286,Toby Kebbell
78198,Tyler Hoechlin
1365093,Jenny Zigriano
1041731,Rory Keenan
25438,Ed Speleers
12041,Julia Stiles
27740,Walton Goggins
1326322,Catherine Joy Perry
1577027,Alejandro Cuello
31531,John DiMaggio
1592952,Lars Jørgensen
23931,Mira Sorvino
963818,Troy Baker
8874,Ernie Hudson
1535051,Richard Mutschall
45923,Kathleen Barr
1535054,Marisa Lamonica
1410249,Noel Conlon
1509745,Ming Zhao
1493725,Kerim Troeller
53336,Brandon T. Jackson
1445876,Milan Pulvermacher
2440,Bill Nighy
49914,Cameron Richardson
10881,Toby Stephens
84223,Anna Kendrick
1378628,Sara Arrington
1350469,Andrew Bachelor
23659,Will Ferrell
1456280,Jake Picking
1592694,Lily Mae Harrington
17606,Imogen Poots
1584777,Kate Liquorish
1552446,Tanner Kalina
1532415,Jessica Yoshimura
20374,Teresa Palmer
562730,Danila Kozlovskiy
227,William Hurt
77068,Tommy Hilfiger
1532425,Maria Diavolitsis
76916,Ryan Cartwright
1386308,Diane Selken
82304,Michaël Youn
2983,Mark Strong
138558,Landon Liboiron
1592677,Anthony Alabi
1068811,Matt Cornwell
109869,Kristen Schaal
237737,Nick Nemeth
1552456,Tess Cline
60613,Brenda Crichlow
54649,Louis Mandylor
150324,Michie Terada
82663,Shannon Woodward
17486,Alison Pill
1535052,Paula Arundell
1081875,Joe Cole
115679,Charlotte Riley
380,Robert De Niro
1108907,Nick Robinson
38673,Channing Tatum
1511242,Kelly Collins Lintz
17306,Zachary Quinto
1511251,Shea McHugh
1194214,Sam Quinn
89815,Anna Wintour
1552436,Austin Amelio
1411198,Phil Austin
84217,Alex Meraz
114019,Luke Evans
1514160,Nancy Grace
52801,Patrick Fischler
85065,Jack O'Connell
1331457,Sofia Carson
18325,Jeremy Northam
16483,Sylvester Stallone
1159596,Michelle DeVito
968660,Nicki Minaj
49425,Annabeth Gish
1088913,Christopher Obi
1225783,Lindsey Shaw
209513,Macon Blair
16429,Jacob Vargas
41044,Babou Ceesay
152492,Malcolm Kennard
60949,Rob Schneider
224136,Dora Madison
51944,Mike Epps
1502998,Bradley Bowen
1172108,Mckenna Grace
1571797,Gus Culligan
40036,Taraji P. Henson
9778,Ice Cube
1506865,Ben Gleib
1379385,Malea Rose
1078613,Beau Knapp
84247,Emily VanCamp
63208,Tommy Chong
5723,John Leguizamo
22970,Peter Dinklage
234364,Miki Imai
17648,James Purefoy
1505308,Allen Merritt
85236,Paul Rust
80757,Mike Tyson
4587,Halle Berry
1148627,James Alexander
1385061,Michael Chapman
38582,David Krumholtz
1385060,Anastasia Harrold
11827,DeRay Davis
82809,Annabelle Wallis
1545157,Murray Urquhart
34521,Maurice LaMarche
1535551,Fred Dalton Thompson
2176,Tommy Lee Jones
20212,Dermot Mulroney
150810,Justin Bieber
80507,Stefan Kapičić
90633,Gal Gadot
132157,Ezra Miller
1492326,Brianna Hildebrand
62915,Kyle Cassie
15758,Queen Latifah
61110,Fred Armisen
1321628,Morfydd Clark
1446014,Justin Dray
1294465,Greg Kolpakchi
115255,Big Daddy Kane
83586,Ken Jeong
1535066,Adam Roper
1100144,Ismael Cruz Cordova
227221,Anita Linda
1535055,Josh Farah
1368836,Andre Tricoteux
1571795,Radzi Chinyanganya
1592746,Bonnie Bruderer
1483525,Courtney Fansler
213083,Lara Pulver
6574,Clancy Brown
234645,Toshirō Yanagiba 
1592744,Alexandria Williams
934796,Luke Tyler
1180696,Beck Bennett
1225170,Erin O'Brien
84059,Angelica Panganiban
587697,Melissa Sturm
54738,Jack Huston
1584780,Aisha Takow
94311,Alyssa Bryer
5724,Denis Leary
65196,Nadine Velazquez
117995,Alissa Skovbye
212604,Adam DeVine
1158065,Michael H. Cole
1278500,Courtney Eaton
62562,David Denman
226254,Svein Harry Hauge
1406026,Arielle Tuliao
1336754,Leila Mimmack
1214430,Eden Sher
5469,Ralph Fiennes
1133012,Nadia Hilker
115730,Patrick John Flueger
1278497,Lynne Wilmot
1532618,Lola Nicholson
19506,James Arnold Taylor
1530879,Maria Breyman
1505304,Daniel Mandehr
4783,Sam Neill
572195, Yael Grobglas
1341565,Laura de Carteret
452,Margo Martindale
1434032,Damon Whitaker
932158,Corina Calderon
1266214,Courtney Hope
8398,John Bluthal
22226,Paul Rudd
1452046,Lana Condor
27752,Bruce Spence
93803,Mamoru Miyano
183812,Jason O'Mara
1296430,JuJu Chan
1552462,Alexandria Payne
1281383,Meegan Warner
1522254,Rina Takasaki
18897,Jackie Chan
4808,Giancarlo Esposito
114271,Robert Trebor
1383389,Ben Robson
1260782,Kevin Hanchard
1172105,Forrest Vickery
1514130,Mac Pietowski
4443,Christopher McDonald
1552457,Laura Ritz
1224148,Elizabeth Ho
12763,Joseph Fiennes
24607,Selva Rasalingam
77823,Stephen Hagan
167564,Paul Sparks
118,Geoffrey Rush
6068,Sela Ward
143240,Julianne Hough
1576822,Juston Graber
27143,John Tench
118937,Dennis Boutsikaris
85759,Maria Canals-Barrera
12261,Jason Patric
17018,Ruth Negga
6885,Charlize Theron
20903,Josh Keaton
928638,John Franchi
1522258,Nadja Mazalica
1231717,Marc Maron
1445875,Chloe Bayliss
15111,Jean-Claude Van Damme
1215502,Ming Tsai
1269,Kevin Costner
1242871,Zahara Jolie-Pitt
1219121,Jamie Denbo
7517,Kate Bosworth
1366610,Lisa MacFadden
145248,Chris Pang
1576809,Kevin Tanski
1320609,Phoebe Fox
1019796,Willa Townsend
77700,Travis Fimmel
1064601,Miesha Tate
112562,Catherine Dyer
206485,Ravi Patel
28477,Jonathan Aris
1532420,Ashley D. Merritt
1591065,Roman Atwood
8534,Kathy Bates
58319,Jason Scott Lee
1592668,Jessica Pohly
56853,Phil Morris
1130510,Ella Ballentine
1322236,Mish Boyko
1511244,Sierra Cheyenne Sizemore
232749,Nelson Bonilla
237455,Sam Claflin
77164,Ryan Robbins
73609,Nicolas Wright
120694,Denia Brache
31528,Wayne Pére
1158,Al Pacino
1461,George Clooney
8269,Suzanne Cryer
21132,Abraham Benrubi
57830,Rachael Blake
8329,Radha Mitchell
7060,Martin Freeman
592495,Ray Sahetapy
23532,Jason Bateman
84495,Jess Harnell
1532422,Quentin Plair
1571796,Lindsey Russell
11275,Stephen Fry
1318798,Eric Goins
982,Sting
37011,Robert R. Shafer
24974,Emma Suárez
232499,Harry Shum Jr.
3129,Tim Roth
146358,Mehdi Dehbi
220921,Joanna Douglas
1341,Donnie Yen
116315,Kari Wahlgren
108253,Katie Lowes
1535048,Wassim Hawat
1204,Julia Roberts
1505300,Inkerbella
1512175,Kevin G. Quinn
59373,Mélanie Thierry
1493722,Elektra Anastasi
1522263,Shintaro Taketani
1170889,Paula Marcenaro Solinger
81149,Paul Mooney
10993,Tom Felton
17341,Amaury Nolasco
1563291,Ignace Paepe
131426,Beau Smith
17782,Colm Meaney
27136,Katharine Isabelle
1527954,Catharine Pilafas
24810,Pat Boone
1398834,Krasen Belev
198540,Jason Deline
1379123,Talitha Bateman
1093919,Cecily Strong
38525,Johanne-Marie Tremblay
10223,Jane Seymour
14226,Gia Carides
65426,Mayumi Iizuka
18313,Michael Rispoli
986154,Yuuki Masuda
1584779,Zak Rowlands
1505307,Parker Contreras
156100,Kevin Sizemore
27530,Don Lake
3982,Xander Berkeley
17183,Jackie Earle Haley
1508785,Ellie Bamber
3035,Jerry O'Connell
26042,Jerry Stiller
3911,John Carroll Lynch
1532421,Natalia Nova
6832,Melissa Leo
997303,Autumn Dial
1012823,Drake
1181329,Timothy Simons
1164259,Kylie Rogers
1164238,Stuart Allan
1367909,Kristin McKenzie
1205623,Barbara Vincent
60881,Douglas M. Griffin
113505,Kodi Smit-McPhee
1592690,K.T. Wiegman
5310,Antonio Gil
590270,Francis Chouler
1214974,Mark Smith
1159982,Ansel Elgort
212003,Ethan Dizon
1552441,Kyla Burke
1105463,Kim Engelbrecht
4886,Norman Reedus
1213271,Suzie Steen
20580,Joe Manganiello
1257963,Lee Joon
31164,Adewale Akinnuoye-Agbaje
335,Michael Shannon
1322325,Tj Norris
9827,Rose Byrne
1056053,Josh Helman
1592752,Dre Edmonds
52885,Ritchie Montgomery
128560,Travis Hammer
214108,Gary Owen
17419,Bryan Cranston
563065,Tone Beate Mostraum
1532428,Richard Pis
35029,David Harbour
1558069,Samuel Marty
993774,Rachel Brosnahan
111930,Donnie MacNeil
21045,Maggie Q
1327,Ian McKellen
1267329,Lupita Nyong'o
1522260,Masashi Fujimoto
61784,Goran D. Kleut
1133063,Dana Gourrier 
887,Owen Wilson
11108,Simon Pegg
29222,Zac Efron
34551,Reece Shearsmith
12795,Nikolaj Coster-Waldau
75343,Florence Henderson
995358,Alice Rietveld
5129,Paul Reubens
8169,Tyrese Gibson
27788,Kumiko Asou
4690,Christopher Walken
1154191,John Archer Lundgren
1036288,Abbey Lee
1552447,Stan Taylor
6944,Octavia Spencer
216973,Jason Spisak
1493737,Andy Wagner
1532,Bill Murray
1186660,Natasha Bassett
968350,Carla Quevedo
1620,Michelle Yeoh
4720,Kanye West
54882,Morena Baccarin
1333907,Jason E. Hill
1040549,Liza Lorena
16851,Josh Brolin
1535067,Karim Zreika
1259762,Emjay Anthony
1382451,Burkley Duffield
19962,Melanie Merkosky
224181,Jai Courtney
533007,Kate Moss
3309,Augustus Prew
1386137,Gen Seto
62064,Chris Pine
57387,Leo Fitzpatrick
1456468,Michelle Meredith
11107,Ben Foster
74688,Keke Palmer
1094091,Maika Monroe
585897,Cogie Domingo
1592748,Jefferson Sanders
75713,Anna Lise Phillips
1261694,Barkhad Abdi
115926,Vera Vitali
1552455,Temple Baker
136348,Robin McLeavy
155934,Jay Karnes
117437,Patrick St. Esprit
936404,Daniel Fox
986393,Chie Kitagawa
1445877,Olga Miller
1527210,Alexander England
1552442,Angela Simmons-Morgan
1522255,Kikuo Ichikawa
183048,Stephanie Vogt
1552443,Cyndy Powell
1453786,April Hong
17178,Patrick Wilson
3977,Joe Morton
1417031,Style Dayne
544430,Erica Curtis
1137823,Stacy Martin
1467999,Jessi Mechler
39012,Peter Bogdanovich
75566,Max Deacon
1452481,Liam Dickinson
33527,Adam Beach
55470,Dominic Cooper
91378,Veronica Ngo
4483,Dustin Hoffman
204462,Janet Varney
178614,Dolly Wells
27102,Wanda Sykes
1505309,Lamesha Vine
1107461,Jessie J
108689,Laurice Guillen
199522,Amanda Abbington
20904,James Hong
7624,Stan Lee
119592,Aubrey Plaza
1552458,Shailaun Manning
81401,Atle Antonsen
1046665,Joshua Mikel
1224115,Blake Jenner
968367,Stephanie Beatriz
1511254,Kylie Fansler
1349720,Parker Sawyers
933578,Ella Anderson
1591070,Dennis Roady
7486,Michael Wincott
44809,John Paragon
78414,Robert Neary
8263,Andrea Martin
1377677,Kurt Krause
127048,Nate Corddry
555652,Lucy Faust
82816,Trevor Devall
1584775,Olga Gainullina
26089,Garry Chalk
1216132,Aaron Hill
1255914,Jason Liebrecht
1169024,Ilya Naishuller
5658,Michael Gambon
94864,Max Martini
74721,Arthur Berning
78110,Scott Adkins
4173,Anthony Hopkins
1017347,Brenton Thwaites
934281,Alex Wolff
80664,Jenni Baird
109833,Peter Ferdinando
10963,José Zúñiga
1098661,Leanne Lapp
19546,Michael Bell
37089,Cameron Monaghan
1421229,Alex Henderson
1459830,Erick Chavarria
137471,Julia Deakin
107542,Gard B. Eidsvold
60739,Kath Soucie
1571794,Knox Jolie-Pitt
1493218,Cyrus Arnold
1517547,Vanessa Amaya
189896,Ted Atherton
74568,Chris Hemsworth
24362,Kevin Michael Richardson
1398257,Stephen Todt
17840,Charlie Murphy
1522257,James Owen
1255069,Jessie Usher
26291,Martin Henderson
51389,Joe Cobden
1538780,Judah Lewis
16866,Jennifer Lopez
1552437,Tory Taranova
85139,Nicholas Braun
58502,Natalie Dormer
60230,Jack De Sena
59254,Pablo Schreiber
85,Johnny Depp
1465526,Danielle Jadelyn
1131610,Ernest James
1552459,Michael Monsour
41565,Nate Torrence
550843,Elizabeth Olsen
72129,Jennifer Lawrence
64,Gary Oldman
85757,Joe Jonas
61178,Alia Shawkat
1221047,Pooky Quesnel
25258,Rossy de Palma
105303,Fred Melamed
38405,John Corbett
18307,Daniel Dae Kim
1194784,Benjamin Alves
125025,Joey King
1527955,Richard Beal
1128383,Juana Acosta
1532416,Lane Carlock
61703,Ron Yuan
212225,Kim Kardashian
96066,Liam Hemsworth
1317152,Asjha Cooper
31384,Jordi Mollà
55148,Sean Maher
1547887,Rochelle Okoye
32600,John Stamos
57755,Woody Harrelson
224728,Inma Cuesta
969189,Ray Olubowale
1167375,Alex Roe
25072,Oscar Isaac
1552440,Juston Street
91606,Tom Hiddleston
19498,Jon Bernthal
71375,Alden Ehrenreich
61182,Gillian Vigman
588550,Daniel Renton Skinner
76126,T.I.
1515525,Angel Laketa Moore
1535049,Jean-Pierre Yerma
1535057,Premila Jennar
1049938,Adriene Mishler
234982,Bella Heathcote
56367,Naomi Campbell
1479,Frank Collison
1261375,Kyra Zagorsky
1535064,Kurt Goehner-Winter
1248,Brian Cox
83968,Jim Parrack
29092,Bryan Brown
75893,Robyn Nevin
45445,Megan Gallagher
147255,Tony Way
1367216,David Carey Foster
34457,Ian Gomez
55536,Melissa McCarthy
1029276,Yoshimasa Kondô
3968,Michael Sheen
205,Kirsten Dunst
112824,Aisling Loftus
1381295,Anthony Konechny
1167897,Natasha O'Keeffe
11885,John C. McGinley
22809,Keeley Hawes
1568024,Melissa Linton
1552467,Nicholas Cristian Clark
1574844,Evan Bryn Graves
53441,Aleksa Palladino
14801,Hal Landon Jr.
40462,Kristen Bell
55089,Evan Peters
51990,T.J. Miller
1109702,Karan Soni
1547889,Vladimir Alexis
59219,Kyle Gallner
84490,David Kaye
66442,Tamsin Egerton
10920,Tobias Menzies
18999,J.K. Simmons
6807,Sam Rockwell
1511253,Lindsey McCollough
52848,Isla Fisher
1448984,Stephen Kearin
4238,Common
1474171,Kenny Leu
1268984,Tom Benedict Knight
17328,Rufus Sewell
1535047,Matt Ruscic
79875,Tim Barlow
1575816,Anuol Deng
955,Penélope Cruz
1414734,Neel Sethi
19274,Seth Rogen
1253199,Alexandra Shipp
168380,Mo Collins
89462,Kali Hawk
1240487,Kate McKinnon
1088939,Kenny Alfonso
127893,Keishi Nagatsuka
1547890,Nadim Toth
46029,Otto Waalkes
1493223,Taylor Hickson
91030,Michael Mantell
1054725,Kari J. Kramer
1226596,Grant Rosenmeyer
1372421,M.C. Hammer
1477724,Holly Holm
1244469,Louise Brealey
11155,Thomas Jane
1355235,Jaya Bhaduri
986808,Wyatt Russell
1329703,Mathieu Quesnel
1413402,Patrick Kearns
192838,Eileen Davies
118545,Dakota Johnson
239830,Masahiro Itou
1511247,Sawyer Sharbino
78588,Perez Hilton
229606,Monica Dolan
38529,Yves Jacques
551776,Masahiko Tsugawa
1522259,Akiko Iwase
89819,Zachary Gordon
1226277,Colin Jost
204,Kate Winslet
1478709,Armand Aucamp
1584776,Jessica Jones
1598164,Amelia Leigh Harris
1034470,Arjun Kapoor
1596832,Sharon Slosse
35962,Michèle Laroque
21629,Tzi Ma
1221716,Melissa Rauch
1532424,Kristen Bryant
16845,Nicole Sullivan
84222,Daniel Cudmore
168452,Leslie Jones
226001,Ariana Grande
1223082,Michael Strahan
1186111,Roman Kolinka
1245,Scarlett Johansson
76595,Byron Howard
1014980,Darya Charusha
57171,Jesse Metcalfe
427978,Brandon Smith
17882,Isabelle Huppert
19508,Nolan North
61705,Woon Young Park
6066,Dash Mihok
1310974,Tom Musgrave
60279,Fred Tatasciore
996701,Miles Teller
8984,Bill Pullman
1223658,Raymond S. Persi
5916,Rosario Dawson
1186839,Kyla Deaver
35780,Amitabh Bachchan
1539940,Ebby Weyime
18056,Kōji Yakusho
54691,Christopher Mintz-Plasse
9562,Marlon Wayans
966902,Nikki Hahn
1532418,Deanne Black
41421,Jennifer Morrison
587020,Theo James
147056,Caitriona Balfe
932091,Ryan Guzman
144160,Sean Bridgers
70851,Jack Black
1491641,Willie Geist
1190885,Brenda Rickert
1535063,Rhavin Banda
84497,Aaron Paul
1371849,Stafford Douglas
1274508,Jaeden Lieberher
1584781,Mondé Sibisi
4888,Lily Rabe
1529272,Heather Schell
15757,Ray Romano
111455,Katy Perry
11278,Rupert Graves
1197103,Geneviève Boivin-Roussy
21028,Anton Yelchin
1376001,Tina Grimm
14991,Jay Leno
1001657,Sophie Turner
18284,Loretta Devine
113948,Eugenia Yuan
77069,Lenny Kravitz
81683,Gbenga Akinnagbe
7248,Cliff Curtis
78501,Melissa Joan Hart
33192,Joel Edgerton
1465525,Tom Graziani
1522262,Tatsujiro Oto
9278,Jennifer Garner
17286,Lena Headey
57395,Natasha Henstridge
67119,Matthew Sunderland
17402,Ron Livingston
142290,Mark Killeen
1573102,Veronica Osorio
23459,Sienna Miller
227638,Ryu Seung-Ryong
1123472,Bernardo Bernardo
1480643,Hannah Alligood
5414,Colin Salmon
1499041,Lex King
37233,Kareena Kapoor
6732,Peter Baynham
51383,Tyler Labine
521564,Blake Anderson
166772,Joy Behar
192,Morgan Freeman
71580,Benedict Cumberbatch
1591069,Vitaly Zdorovetskiy
41798,George Lopez
1592745,Cabrina Collesides
8791,Marie-Josée Croze
1532417,Heath Estep
1552450,Caitlyn Moore
1056072,Ali Cook
2628,Kiefer Sutherland
43202,Antje Traue
53351,Janet Henfrey
31549,Phil LaMarr
234352,Margot Robbie
6384,Keanu Reeves
27267,Rebecca Pidgeon
37153,Zoë Kravitz
1547888,Hesham Hammoud
81685,Frank Grillo
122750,Leslie Uggams
1272970,Christina Wren
1413361,Maya Erskine
2888,Will Smith
1372,Karl Urban
6972,Ian McShane
68472,Kappei Yamaguchi
1552465,Julie Cude-Eaton
1254635,Parker Young
1333845,Eugenia Kuzmina
86007,Jim Ward
1217309,Anderson Cooper
1382739,Parisa Johnston
1535056,Sean Michael Perez
9780,Angela Bassett
58758,Deobia Oparei
1522261,Meg Kubota
1383490,Walter Hendrix III
150899,AngelaBaby
212290,Seth Morris
1505305,Jordan Spaulding
1596831,Ziva Marshall
940459,John Heffernan
1272938,Garrett William Fountain
1251875,Keiynan Lonsdale
1246804,Lenny Jacobson
1038379,Robert Kazinsky
1574308,Caitlin Muelder
227987,Arthur Acuña
17697,John Krasinski
15760,Josh Peck
101847,Lance E. Nichols
1552438,Sadie Brook
1191701,Rosanna Roces
38559,Christopher Lambert
91403,Chad Krowchuk
47296,Jeffrey Dean Morgan
3063,Tilda Swinton
1547894,Judit Novotnik
47632,Rob Brydon
62864,Chester Tam
1583307,Natasha Liu Bordizzo
559582,Éric Bruneau
53761,Christopher Gorham
550307,Neil deGrasse Tyson
5530,James McAvoy
30082,Benedict Wong
72873,Michael Stuhlbarg
162669,Jeff Lewis
967692,Reid Ewing
93995,Shim Eun-Kyung
1552454,Chelsey Gentry
59233,Scoot McNairy
70177,Charlie Rose
102744,Monique Ganderton
61903,Glenn Thomas Jacobs
1505302,Nik Tyler
8783,Eric Bana
496470,Jake Lacy
1493736,Kerry Sims
205560,Kevin O'Grady
142109,Wesley Morgan
1408946,Malcolm Modele
1592676,Dionne Gipson
1282054,Sophie Cookson
46856,María Botto
116969,Gene Farber
928575,Jonny Weston
930738,Devin Bonnée
40039,Josh Stewart
3490,Adrien Brody
1264845,Monique Candelaria
2974,Roger Yuan
155422,Sarah Ramos
6949,John Malkovich
1116802,Jet Jurgensmeyer
14950,Jim Norton
55638,Kevin Hart
55636,Donald Sutherland
214695,Kate Miner
555256,Yorie Yamashita
1352662,Charlotte Kirk
5131,Diane Salinger
20753,Fred Willard
1460120,Millie Brady
82191,Sharlto Copley
1535062,Alessandro Guerrera
11701,Angelina Jolie
1382839,Morgan Burch
886,William Fichtner
47969,Nick Boraine
206757,David Giuntoli
5081,Emily Blunt
1058078,Andy Gathergood
9880,Sam Shepard
39390,Michael Kenneth Williams
1493723,Liisa Evastina
1287802,Lance Lim
18818,Tómas Lemarquis
99181,Joanne Boland
5713,Chris Wedge
1552439,Christina Burdette
1552466,Deborah Alcorn
134708,Michael Rogers
1019,Mads Mikkelsen
9191,Timothy Spall
1008402,Lauren Young
53647,Lainie Kazan
32987,Sam Riley
1552460,Cecilia L. Salinas
1458290,Alma Sisneros
1319519,Deena Dill
95639,Julian Stone
19536,Josh Duhamel
37645,Alexia Barlier
1498026,Nesta Marlee Cooper
81703,Zulay Henao
1283,Helena Bonham Carter
2535,Vivica A. Fox
74537,Maggie Siff
56675,Anson Mount
2115,Kurtwood Smith
1459102,Brennan Kelleher
1018992,Vikram Gandhi
56357,Jonathan Breck
125660,Andrew Scott
1212820,Monica Horan
1105706,Tait Fletcher
1307740,Tyler Cheman
54645,Nia Vardalos
45418,Darryl Stephens
1548734,Katrina Kavanaugh
1358970,Preston Baker
37027,Lew Temple
1259874,Yon Tumarkin
1186597,Neve Gachev
3416,Demi Moore
105838,Emma Booth
225662,Momoka Ohno
1592692,Alexandra Ella
29699,Ricky Tomlinson
30083,Lindsay Duncan
4391,Charles Dance
221116,India Eisley
417,Ginnifer Goodwin
77880,Josh Dallas
208296,Callan Mulvey
1532419,William Willet
3618,Darío Grandinetti
1213786,Brent Spiner
1034681,Tye Sheridan
76070,Mia Wasikowska
3967,Kate Beckinsale
113251,Carlo Aquino
56556,Michael Cassidy
1313559,Ray Fisher
67979,Michael Eklund
1371439,Daniel Westwood
1954,Billy Zane
213001,Jenny Slate
1447918,Mackenzie Marsh
1109482,Carl Beukes
1552461,Anna Vanston
78452,Gina Carano
11109,Nick Frost
212730,Michael Whalley
1284015,Rene Rhi
98285,Bella Thorne
17604,Jeremy Renner
202892,Demetrius Grosse
1267216,Neil Casey
1140169,Graham Hopkins
1568706,Zak Sutcliffe
540,Callum Keith Rennie
1277188,Jacob Tremblay
203809,Nathan Lee Graham
53650,Anthony Mackie
