209112,Batman v Superman: Dawn of Justice,2016-03-23
293660,Deadpool,2016-02-09
271110,Captain America: Civil War,2016-04-27
333371,10 Cloverfield Lane,2016-03-10
246655,X-Men: Apocalypse,2016-05-01
269149,Zootopia,2016-02-12
299687,The 5th Wave,2016-01-14
140300,Kung Fu Panda 3,2016-01-23
278927,The Jungle Book,2016-04-07
262504,The Divergent Series: Allegiant,2016-03-09
290595,The Huntsman Winter's War,2016-04-06
379291,Justice League vs. Teen Titans,2016-03-29
387893,Ice Age: The Great Egg-Scapade,2016-03-20
325348,Hardcore Henry,2016-04-07
303991,Demolition,2016-04-06
270487,Hail, Caesar!,2016-02-05
329440,The Forest,2016-01-07
205584,Gods of Egypt,2016-02-25
321258,The Boy,2016-01-22
267860,London Has Fallen,2016-01-22
331962,Exposed,2016-01-22
276905,Norm of the North,2016-01-14
388862,Countdown,2016-04-05
391484,Boost,2016-04-05
295699,Everybody Wants Some,2016-04-08
323676,The Boss,2016-04-07
391207,The Tell-Tale Heart,2016-04-05
310131,The Witch,2016-02-19
391485,Whistleblower,2016-04-06
186759,Get a Job,2016-03-25
300673,The Finest Hours,2016-01-27
379170,Sherlock: The Abominable Bride,2016-01-01
302688,My Big Fat Greek Wedding 2,2016-03-24
303858,Money Monster,2016-04-07
146198,Triple 9,2016-02-19
382517,Open Season: Scared Silly,2016-03-10
354110,Forsaken,2016-02-19
374465,L'Avenir,2016-04-06
323675,Ride Along 2,2016-01-14
278154,Ice Age: Collision Course,2016-06-30
335778,Risen,2016-02-19
339984,Miracles from Heaven,2016-03-17
203835,Amityville: The Awakening,2016-04-14
347126,God's Not Dead 2,2016-04-01
332704,Backtrack,2016-01-21
359538,Le Fantôme de Canterville,2016-04-06
271826,Le Règne de la beauté,2016-04-15
302156,Criminal,2016-04-13
257087,The Veil,2016-04-21
68735,Warcraft,2016-05-25
373314,Misconduct,2016-02-05
382512,LEGO DC Comics Super Heroes: Justice League: Cosmic Clash,2016-03-01
300671,13 Hours: The Secret Soldiers of Benghazi,2016-01-13
291870,Dirty Grandpa,2016-01-21
263341,Crouching Tiger, Hidden Dragon: Sword of Destiny,2016-02-18
297761,Suicide Squad,2016-08-03
301804,Before I Wake,2016-04-07
351819,Fifty Shades of Black,2016-01-28
284052,Doctor Strange,2016-10-26
259694,How to Be Single,2016-02-10
329833,Zoolander 2,2016-02-06
333385,Mr. Right,2016-04-08
58431,Pride and Prejudice and Zombies,2016-02-04
346672,Underworld 5,2016-10-21
315465,Bakemono no Ko,2016-03-04
362703,Diablo,2016-01-08
332872,Julieta,2016-04-08
47933,Independence Day: Resurgence,2016-06-22
377587,Meet the Blacks,2016-04-01
388468,Grand Hotel,2016-04-08
15080,Omohide poro poro,2016-01-01
293768,Kidnap,2016-04-07
385383,Fight Valley,2016-04-07
360606,Adventures in Babysitting,2016-04-03
382542,Beyond the Call to Duty,2016-04-04
388347,The Call Up,2016-04-05
391423,입영전야,2016-04-05
391410,the five and a half minute hallway,2016-04-05
241259,Alice Through the Looking Glass,2016-05-25
390437,Ki and Ka,2016-04-01
188927,Star Trek Beyond,2016-07-07
333352,Eye in the Sky,2016-03-11
339547,JeruZalem,2016-01-22
389155,Refinery Surveyor Black,2016-04-07
391239,Gestrandet,2016-04-07
391465,뽀롱뽀롱 뽀로로 3Set,2016-04-05
380565,Home Invasion,2016-02-02
254302,High-Rise,2016-03-18
344041,Standoff,2016-01-03
383524,Natural Born Pranksters,2016-04-01
267193,Grimsby,2016-02-24
245703,Midnight Special,2016-02-18
347689,Pee-wee's Big Holiday,2016-03-18
234004,Ratchet & Clank,2016-04-13
43074,Ghostbusters,2016-07-08
382152,A Haunting History,2016-04-07
386830,Temps,2016-04-05
389868,서울역,2016-04-05
389856,Laundry Man,2016-04-05
313922,Green Room,2016-04-15
